{
    "utterances": [
        {
            "text": "Code zero three five one",
            "entities": [
                {
                    "entity": "password_code:password_code",
                    "start": 5,
                    "end": 24,
                    "body": "zero three five one",
                    "entities": []
                }
            ],
            "traits": [],
            "intent": "open_door"
        },
        {
            "text": "Enter code five nine eight six",
            "entities": [
                {
                    "entity": "password_code:password_code",
                    "start": 11,
                    "end": 30,
                    "body": "five nine eight six",
                    "entities": []
                }
            ],
            "traits": [],
            "intent": "open_door"
        },
        {
            "text": "Enter code zero three five one",
            "entities": [
                {
                    "entity": "password_code:password_code",
                    "start": 11,
                    "end": 30,
                    "body": "zero three five one",
                    "entities": []
                }
            ],
            "traits": [],
            "intent": "open_door"
        },
        {
            "text": "Enter override code zero one two zero",
            "entities": [
                {
                    "entity": "password_code:password_code",
                    "start": 20,
                    "end": 37,
                    "body": "zero one two zero",
                    "entities": []
                }
            ],
            "traits": [],
            "intent": "open_door"
        },
        {
            "text": "Enter the code for override four nine one zero",
            "entities": [
                {
                    "entity": "password_code:password_code",
                    "start": 28,
                    "end": 46,
                    "body": "four nine one zero",
                    "entities": []
                }
            ],
            "traits": [],
            "intent": "open_door"
        },
        {
            "text": "Enter the code zero five two zero",
            "entities": [
                {
                    "entity": "password_code:password_code",
                    "start": 15,
                    "end": 33,
                    "body": "zero five two zero",
                    "entities": []
                }
            ],
            "traits": [],
            "intent": "open_door"
        },
        {
            "text": "Override code three two one zero",
            "entities": [
                {
                    "entity": "password_code:password_code",
                    "start": 14,
                    "end": 32,
                    "body": "three two one zero",
                    "entities": []
                }
            ],
            "traits": [],
            "intent": "open_door"
        },
        {
            "text": "Override code zero three five one",
            "entities": [
                {
                    "entity": "password_code:password_code",
                    "start": 14,
                    "end": 33,
                    "body": "zero three five one",
                    "entities": []
                }
            ],
            "traits": [],
            "intent": "open_door"
        },
        {
            "text": "Override eight nine six seven",
            "entities": [
                {
                    "entity": "password_code:password_code",
                    "start": 9,
                    "end": 29,
                    "body": "eight nine six seven",
                    "entities": []
                }
            ],
            "traits": [],
            "intent": "open_door"
        },
        {
            "text": "Override zero one two five",
            "entities": [
                {
                    "entity": "password_code:password_code",
                    "start": 9,
                    "end": 26,
                    "body": "zero one two five",
                    "entities": []
                }
            ],
            "traits": [],
            "intent": "open_door"
        }
    ]
}
