{
    "name": "password_code",
    "roles": [
        "password_code"
    ],
    "lookups": [
        "free-text",
        "keywords"
    ],
    "keywords": [
        {
            "keyword": "eight nine six seven",
            "synonyms": [
                "eight nine six seven"
            ]
        },
        {
            "keyword": "five nine eight six",
            "synonyms": [
                "five nine eight six"
            ]
        },
        {
            "keyword": "four nine one zero",
            "synonyms": [
                "four nine one zero"
            ]
        },
        {
            "keyword": "three two one zero",
            "synonyms": [
                "three two one zero"
            ]
        },
        {
            "keyword": "zero five two zero",
            "synonyms": [
                "zero five two zero"
            ]
        },
        {
            "keyword": "zero one two five",
            "synonyms": [
                "zero one two five"
            ]
        },
        {
            "keyword": "zero one two zero",
            "synonyms": [
                "zero one two zero"
            ]
        },
        {
            "keyword": "zero three five one",
            "synonyms": [
                "zero three five one"
            ]
        }
    ]
}
